quarter,department,day,team,target,smv,wip,over_time,incentive,numworkers,productivity
Quarter1,sweing,Thursday,8,0.8,26.16,1108,7080,98,59,0.940725424
Quarter1,finishing,Thursday,1,0.75,3.94,0,960,0,8,0.8865
Quarter1,sweing,Thursday,11,0.8,11.41,968,3660,50,30.5,0.800570492
Quarter1,sweing,Thursday,12,0.8,11.41,968,3660,50,30.5,0.800570492
Quarter1,sweing,Thursday,6,0.8,25.9,1170,1920,50,56,0.800381944
Quarter1,sweing,Thursday,7,0.8,25.9,984,6720,38,56,0.800125
Quarter1,finishing,Thursday,2,0.75,3.94,0,960,0,8,0.755166667
Quarter1,sweing,Thursday,3,0.75,28.08,795,6900,45,57.5,0.753683478
Quarter1,sweing,Thursday,2,0.75,19.87,733,6000,34,55,0.753097531
Quarter1,sweing,Thursday,1,0.75,28.08,681,6900,45,57.5,0.750427826
Quarter1,sweing,Thursday,9,0.7,28.08,872,6900,44,57.5,0.721126957
Quarter1,sweing,Thursday,10,0.75,19.31,578,6480,45,54,0.712205247
Quarter1,sweing,Thursday,5,0.8,11.41,668,3660,50,30.5,0.707045902
Quarter1,finishing,Thursday,10,0.65,3.94,0,960,0,8,0.705916667
Quarter1,finishing,Thursday,8,0.75,2.9,0,960,0,8,0.676666667
Quarter1,finishing,Thursday,4,0.75,3.94,0,2160,0,18,0.593055556
Quarter1,finishing,Thursday,7,0.8,2.9,0,960,0,8,0.540729167
Quarter1,sweing,Thursday,4,0.65,23.69,861,7200,0,60,0.52118
Quarter1,finishing,Thursday,11,0.7,4.15,0,1440,0,12,0.436326389
Quarter1,finishing,Saturday,4,0.8,4.15,0,6600,0,20,0.988024691
Quarter1,finishing,Saturday,11,0.75,2.9,0,5640,0,17,0.987880435
Quarter1,finishing,Saturday,9,0.8,4.15,0,960,0,8,0.956270833
Quarter1,finishing,Saturday,3,0.75,3.94,0,1560,0,8,0.945277778
Quarter1,finishing,Saturday,1,0.8,3.94,0,960,0,8,0.902916667
Quarter1,sweing,Saturday,1,0.8,28.08,772,6300,50,56.5,0.800725314
Quarter1,sweing,Saturday,3,0.8,28.08,913,6540,50,54.5,0.800322936
Quarter1,sweing,Saturday,8,0.8,26.16,1261,7080,50,59,0.800318644
Quarter1,sweing,Saturday,12,0.8,26.16,844,7080,63,59,0.800318644
Quarter1,sweing,Saturday,11,0.8,11.61,1005,7080,50,29.5,0.800237288
Quarter1,sweing,Saturday,5,0.8,11.61,659,7080,50,31.5,0.800148649
Quarter1,sweing,Saturday,6,0.8,25.9,1152,6720,50,56,0.800125
Quarter1,sweing,Saturday,7,0.8,25.9,1138,6720,38,56,0.800125
Quarter1,sweing,Saturday,10,0.75,19.31,610,6480,56,54,0.787299691
Quarter1,finishing,Saturday,2,0.8,4.15,0,960,0,8,0.782447917
Quarter1,sweing,Saturday,2,0.75,19.87,944,6600,45,55,0.75024303
Quarter1,finishing,Saturday,10,0.7,4.15,0,960,0,8,0.7018125
Quarter1,sweing,Saturday,4,0.7,23.69,544,13800,0,60,0.700134038
Quarter1,sweing,Saturday,9,0.7,28.08,1072,6900,40,57.5,0.699965217
Quarter1,finishing,Saturday,8,0.8,2.9,0,960,0,8,0.628333333
Quarter1,finishing,Saturday,7,0.8,3.94,0,960,0,8,0.6253125
Quarter1,finishing,Sunday,3,0.75,4.15,0,1560,0,8,0.991388889
Quarter1,finishing,Sunday,9,0.8,3.94,0,960,0,8,0.931645833
Quarter1,finishing,Sunday,1,0.8,3.94,0,960,0,8,0.915229167
Quarter1,sweing,Sunday,6,0.8,11.61,539,6975,50,31,0.879714482
Quarter1,finishing,Sunday,4,0.8,3.94,0,6600,0,20,0.861679012
Quarter1,sweing,Sunday,9,0.8,26.16,1278,7080,60,59,0.850569492
Quarter1,sweing,Sunday,7,0.8,25.9,1227,7020,60,56.5,0.850436438
Quarter1,sweing,Sunday,8,0.8,25.9,1039,6780,45,56.5,0.850345133
Quarter1,sweing,Sunday,4,0.8,28.08,878,4260,50,55.5,0.800598058
Quarter1,sweing,Sunday,1,0.8,26.16,1033,7080,63,59,0.800318644
Quarter1,sweing,Sunday,2,0.8,28.08,782,6660,50,55.5,0.800237838
Quarter1,sweing,Sunday,12,0.8,11.61,1216,6975,50,31,0.800030199
Quarter1,finishing,Sunday,2,0.8,3.94,0,960,0,8,0.792104167
Quarter1,finishing,Sunday,10,0.7,3.94,0,4320,0,18,0.759228395
Quarter1,sweing,Sunday,11,0.75,19.31,513,6480,45,54,0.750348457
Quarter1,sweing,Sunday,3,0.75,19.87,734,6600,45,55,0.75024303
Quarter1,sweing,Sunday,10,0.7,28.08,1202,6900,40,57.5,0.699965217
Quarter1,finishing,Sunday,8,0.8,2.9,0,960,0,8,0.682708333
Quarter1,finishing,Sunday,7,0.8,2.9,0,960,0,8,0.667604167
Quarter1,sweing,Sunday,5,0.7,45.67,884,6960,26,58,0.603432184
Quarter1,finishing,Monday,1,0.8,3.94,0,1920,0,8,0.961059028
Quarter1,finishing,Monday,11,0.8,3.94,0,2400,0,10,0.939513889
Quarter1,finishing,Monday,4,0.8,3.94,0,3840,0,16,0.893663194
Quarter1,finishing,Monday,3,0.75,4.15,0,1920,0,8,0.875390625
Quarter1,sweing,Monday,9,0.8,26.16,1227,7080,75,59,0.850569492
Quarter1,finishing,Monday,9,0.8,2.9,0,1920,0,8,0.820833333
Quarter1,finishing,Monday,2,0.8,3.94,0,960,0,8,0.804416667
Quarter1,sweing,Monday,7,0.8,25.9,1255,6780,50,56.5,0.800684366
Quarter1,sweing,Monday,8,0.8,25.9,1047,6780,38,56.5,0.800684366
Quarter1,sweing,Monday,1,0.8,26.16,1138,7080,63,59,0.800318644
Quarter1,sweing,Monday,11,0.8,19.31,678,4800,50,55,0.800250962
Quarter1,sweing,Monday,6,0.8,11.61,712,7200,50,32,0.800246011
Quarter1,sweing,Monday,12,0.8,11.61,1037,7200,50,32,0.800246011
Quarter1,sweing,Monday,2,0.8,28.08,757,6900,50,57.5,0.800076522
Quarter1,sweing,Monday,4,0.8,28.08,759,6900,50,57.5,0.800076522
Quarter1,finishing,Monday,10,0.75,2.9,0,960,0,8,0.763375
Quarter1,finishing,Monday,5,0.6,2.9,0,960,0,8,0.759270833
Quarter1,sweing,Monday,10,0.75,28.08,1083,7020,45,58.5,0.7504
Quarter1,sweing,Monday,3,0.75,19.87,944,6600,45,55,0.75024303
Quarter1,finishing,Monday,7,0.8,3.94,0,960,0,8,0.676666667
Quarter1,finishing,Monday,8,0.8,2.9,0,960,0,8,0.664583333
Quarter1,sweing,Monday,5,0.6,21.98,666,6960,23,58,0.600028736
Quarter1,finishing,Tuesday,4,0.8,3.94,0,4440,0,18,0.966781346
Quarter1,finishing,Tuesday,1,0.8,3.94,0,1440,0,8,0.936496212
Quarter1,finishing,Tuesday,3,0.75,4.15,0,1800,0,10,0.899166667
Quarter1,finishing,Tuesday,11,0.8,4.15,0,2700,0,15,0.888686869
Quarter1,finishing,Tuesday,9,0.8,3.94,0,1440,0,8,0.858143939
Quarter1,sweing,Tuesday,1,0.8,26.16,1187,10620,75,59,0.850502311
Quarter1,sweing,Tuesday,9,0.8,26.16,1305,10620,75,59,0.850502311
Quarter1,finishing,Tuesday,10,0.75,3.94,0,1440,0,8,0.809640152
Quarter1,finishing,Tuesday,2,0.8,3.94,0,1440,0,8,0.805909091
Quarter1,sweing,Tuesday,2,0.8,28.08,716,10350,50,57.5,0.800594466
Quarter1,sweing,Tuesday,4,0.8,28.08,925,10350,50,57.5,0.800594466
Quarter1,sweing,Tuesday,3,0.8,19.87,963,9900,50,55,0.800273829
Quarter1,sweing,Tuesday,12,0.8,11.61,1101,5310,50,31.5,0.800140969
Quarter1,sweing,Tuesday,7,0.8,25.9,1035,10170,38,56.5,0.800128721
Quarter1,sweing,Tuesday,8,0.8,25.9,1083,10170,38,56.5,0.800128721
Quarter1,sweing,Tuesday,6,0.8,11.61,910,4470,38,31.5,0.80007657
Quarter1,sweing,Tuesday,10,0.75,28.08,1209,10530,45,58.5,0.750545455
Quarter1,sweing,Tuesday,11,0.75,19.31,590,9900,45,55,0.750057851
Quarter1,finishing,Tuesday,8,0.8,2.9,0,1440,0,8,0.681060606
Quarter1,sweing,Tuesday,5,0.65,21.98,808,10440,35,58,0.649983281
Quarter1,finishing,Tuesday,7,0.8,2.9,0,1440,0,8,0.61625
Quarter1,finishing,Wednesday,1,0.8,3.94,0,1440,0,8,0.951420455
Quarter1,finishing,Wednesday,9,0.8,3.94,0,1440,0,8,0.880530303
Quarter1,sweing,Wednesday,1,0.8,26.16,1179,10620,75,59,0.850502311
Quarter1,sweing,Wednesday,9,0.8,26.16,1324,10620,75,59,0.850502311
Quarter1,sweing,Wednesday,8,0.8,25.9,1135,10170,60,56.5,0.850136766
Quarter1,finishing,Wednesday,3,0.75,4.15,0,2700,0,15,0.83
Quarter1,finishing,Wednesday,4,0.8,3.94,0,4440,0,18,0.827186544
Quarter1,finishing,Wednesday,2,0.8,3.94,0,1440,0,8,0.813371212
Quarter1,finishing,Wednesday,10,0.75,3.94,0,1440,0,8,0.805909091
Quarter1,finishing,Wednesday,7,0.8,2.9,0,1440,0,8,0.804640152
Quarter1,sweing,Wednesday,2,0.8,28.08,776,10350,63,57.5,0.800594466
Quarter1,sweing,Wednesday,4,0.8,28.08,990,10350,50,57.5,0.800594466
Quarter1,sweing,Wednesday,6,0.8,11.41,986,5490,50,30.5,0.800343766
Quarter1,sweing,Wednesday,3,0.8,19.87,924,9900,50,55,0.800273829
Quarter1,sweing,Wednesday,12,0.8,11.61,1120,5670,50,31.5,0.800246753
Quarter1,sweing,Wednesday,7,0.8,25.9,1066,10170,50,56.5,0.800128721
Quarter1,sweing,Wednesday,10,0.75,28.08,1144,10530,69,58.5,0.8
Quarter1,sweing,Wednesday,5,0.7,21.98,413,9720,40,58,0.700480831
Quarter1,finishing,Wednesday,8,0.8,2.9,0,1440,0,8,0.681060606
Quarter1,finishing,Wednesday,6,0.8,2.9,0,1800,0,10,0.666515152
Quarter1,sweing,Wednesday,11,0.8,31.83,568,9900,40,55,0.412119835
Quarter2,finishing,Thursday,1,0.8,3.94,0,1440,0,8,0.947689394
Quarter2,finishing,Thursday,4,0.8,3.94,0,12600,0,20,0.919905405
Quarter2,sweing,Thursday,9,0.8,26.16,1216,10620,88,59,0.900215716
Quarter2,finishing,Thursday,9,0.8,3.94,0,1440,0,8,0.891723485
Quarter2,sweing,Thursday,1,0.8,26.16,1189,10620,75,59,0.850502311
Quarter2,sweing,Thursday,4,0.8,28.08,942,10530,75,58.5,0.850181818
Quarter2,sweing,Thursday,7,0.8,25.9,1050,10170,60,56.5,0.850136766
Quarter2,sweing,Thursday,8,0.8,25.9,1026,10170,60,56.5,0.850136766
Quarter2,finishing,Thursday,2,0.8,3.94,0,1440,0,8,0.835757576
Quarter2,finishing,Thursday,5,0.7,4.15,0,3840,0,8,0.821354167
Quarter2,sweing,Thursday,2,0.8,28.08,783,10050,63,58.5,0.800497246
Quarter2,sweing,Thursday,3,0.8,19.87,857,9900,50,55,0.800273829
Quarter2,sweing,Thursday,12,0.8,11.61,548,15120,63,31.5,0.800107143
Quarter2,sweing,Thursday,6,0.8,11.41,411,14640,50,30.5,0.800024932
Quarter2,sweing,Thursday,10,0.75,28.08,1066,10530,69,58.5,0.8
Quarter2,finishing,Thursday,10,0.75,3.94,0,1440,0,8,0.779791667
Quarter2,finishing,Thursday,8,0.8,2.9,0,1440,0,8,0.735984848
Quarter2,finishing,Thursday,3,0.75,4.15,0,2160,0,12,0.712626263
Quarter2,finishing,Thursday,7,0.8,2.9,0,1440,0,8,0.681060606
Quarter2,finishing,Thursday,11,0.8,4.15,0,900,0,5,0.515606061
Quarter2,finishing,Saturday,1,0.8,3.94,0,2160,0,8,0.985
Quarter2,finishing,Saturday,3,0.75,4.15,0,2760,0,12,0.930340376
Quarter2,finishing,Saturday,4,0.8,3.94,0,6000,0,20,0.911589744
Quarter2,finishing,Saturday,9,0.8,3.94,0,1440,0,8,0.858143939
Quarter2,sweing,Saturday,9,0.8,26.16,1122,10620,75,59,0.851174114
Quarter2,sweing,Saturday,7,0.8,25.9,970,10170,60,56.5,0.850136766
Quarter2,sweing,Saturday,8,0.8,25.9,1158,10170,60,56.5,0.850136766
Quarter2,finishing,Saturday,10,0.8,3.94,0,1440,0,8,0.846950758
Quarter2,finishing,Saturday,11,0.8,4.15,0,1440,0,8,0.817424242
Quarter2,finishing,Saturday,2,0.8,3.94,0,1440,0,8,0.817102273
Quarter2,sweing,Saturday,4,0.8,28.08,660,10440,63,58,0.801028213
Quarter2,sweing,Saturday,2,0.8,28.08,749,10350,63,57.5,0.800594466
Quarter2,sweing,Saturday,12,0.8,11.61,893,4710,50,31.5,0.800346445
Quarter2,sweing,Saturday,6,0.8,11.41,887,5490,50,30.5,0.800343766
Quarter2,sweing,Saturday,1,0.8,26.16,1335,10620,63,59,0.800117103
Quarter2,sweing,Saturday,10,0.8,28.08,1082,10530,63,58.5,0.8
Quarter2,sweing,Saturday,3,0.75,19.87,1075,7080,45,56,0.750098351
Quarter2,finishing,Saturday,7,0.8,2.9,0,1440,0,8,0.670075758
Quarter2,finishing,Saturday,8,0.8,2.9,0,1440,0,8,0.628882576
Quarter2,finishing,Sunday,3,0.75,4.15,0,1440,0,8,0.93532197
Quarter2,finishing,Sunday,4,0.8,3.94,0,3600,0,20,0.925643939
Quarter2,sweing,Sunday,9,0.8,26.16,1095,10620,88,59,0.900215716
Quarter2,finishing,Sunday,1,0.8,3.94,0,1440,0,8,0.873068182
Quarter2,finishing,Sunday,9,0.8,3.94,0,1440,0,8,0.858143939
Quarter2,sweing,Sunday,1,0.8,26.16,1383,10620,75,59,0.850502311
Quarter2,sweing,Sunday,7,0.8,25.9,1012,10170,45,56.5,0.850136766
Quarter2,sweing,Sunday,8,0.8,25.9,1209,10170,60,56.5,0.850136766
Quarter2,finishing,Sunday,10,0.8,3.94,0,1440,0,8,0.828295455
Quarter2,finishing,Sunday,2,0.8,3.94,0,1440,0,8,0.820833333
Quarter2,sweing,Sunday,6,0.8,11.41,887,5490,50,30.5,0.800343766
Quarter2,sweing,Sunday,12,0.8,11.61,896,5670,50,31.5,0.800246753
Quarter2,sweing,Sunday,2,0.8,28.08,805,10530,63,58.5,0.8
Quarter2,sweing,Sunday,10,0.8,28.08,762,10530,38,58.5,0.8
Quarter2,sweing,Sunday,3,0.8,19.87,1043,6420,0,55,0.690182815
Quarter2,finishing,Sunday,11,0.8,4.15,0,1440,0,8,0.668087121
Quarter2,finishing,Sunday,8,0.8,2.9,0,1440,0,8,0.653598485
Quarter2,sweing,Sunday,11,0.6,12.52,831,9540,30,53,0.600229846
Quarter2,finishing,Sunday,6,0.8,2.9,0,1440,0,8,0.597348485
Quarter2,finishing,Sunday,7,0.8,2.9,0,1440,0,8,0.590435606
Quarter2,sweing,Sunday,4,0.8,50.48,562,10440,0,58,0.473134796
Quarter2,sweing,Sunday,5,0.6,20.79,1208,7980,0,57,0.452979626
Quarter2,finishing,Monday,1,0.8,3.94,0,1440,0,8,0.955151515
Quarter2,finishing,Monday,3,0.8,4.15,0,1800,0,10,0.905454545
Quarter2,finishing,Monday,2,0.8,3.94,0,1440,0,8,0.880530303
Quarter2,finishing,Monday,9,0.8,3.94,0,1440,0,8,0.858143939
Quarter2,sweing,Monday,1,0.8,26.16,1099,8220,75,59,0.850522167
Quarter2,sweing,Monday,9,0.8,26.16,1093,10620,75,59,0.850502311
Quarter2,sweing,Monday,7,0.8,25.9,1031,10170,60,56.5,0.850136766
Quarter2,sweing,Monday,8,0.8,25.9,1233,10170,60,56.5,0.850136766
Quarter2,finishing,Monday,6,0.8,2.9,0,1440,0,8,0.817424242
Quarter2,finishing,Monday,5,0.65,4.15,0,1440,0,8,0.809564394
Quarter2,sweing,Monday,3,0.8,19.87,941,9900,0,55,0.800273829
Quarter2,sweing,Monday,6,0.8,11.41,843,5670,50,31.5,0.800181818
Quarter2,sweing,Monday,12,0.8,11.61,760,4470,50,31.5,0.80007657
Quarter2,sweing,Monday,2,0.8,28.08,737,10530,63,58.5,0.8
Quarter2,finishing,Monday,8,0.8,2.9,0,1440,0,8,0.725
Quarter2,sweing,Monday,10,0.8,50.48,381,6930,45,58.5,0.688557555
Quarter2,sweing,Monday,5,0.65,20.79,1141,8460,0,59,0.650040783
Quarter2,sweing,Monday,11,0.65,12.52,1004,9540,44,53,0.64998056
Quarter2,finishing,Monday,7,0.8,2.9,0,1440,0,8,0.648106061
Quarter2,finishing,Monday,11,0.8,4.15,0,1440,0,8,0.640577652
Quarter2,finishing,Tuesday,1,0.8,3.94,0,1440,0,2,0.951420455
Quarter2,finishing,Tuesday,10,0.8,3.94,0,5400,0,20,0.912766667
Quarter2,finishing,Tuesday,3,0.8,4.15,0,1620,0,9,0.901262626
Quarter2,finishing,Tuesday,9,0.8,3.94,0,1440,0,8,0.858143939
Quarter2,sweing,Tuesday,1,0.8,26.16,1073,10620,75,59,0.850502311
Quarter2,sweing,Tuesday,9,0.8,26.16,1156,10620,75,59,0.850502311
Quarter2,sweing,Tuesday,8,0.8,25.9,1211,10260,60,57,0.850252525
Quarter2,sweing,Tuesday,7,0.8,25.9,1126,10170,60,56.5,0.850136766
Quarter2,finishing,Tuesday,5,0.65,4.15,0,1440,0,8,0.821354167
Quarter2,finishing,Tuesday,2,0.8,3.94,0,1440,0,8,0.805909091
Quarter2,sweing,Tuesday,6,0.8,11.61,1004,5670,50,31.5,0.800246753
Quarter2,sweing,Tuesday,12,0.8,11.61,1063,5670,50,31.5,0.800246753
Quarter2,sweing,Tuesday,2,0.8,28.08,723,10530,50,58.5,0.8
Quarter2,sweing,Tuesday,3,0.8,42.27,465,9900,54,55,0.705576584
Quarter2,finishing,Tuesday,8,0.8,2.9,0,1440,0,8,0.681060606
Quarter2,finishing,Tuesday,7,0.8,2.9,0,1440,0,8,0.670075758
Quarter2,finishing,Tuesday,11,0.8,4.15,0,1440,0,8,0.601278409
Quarter2,sweing,Tuesday,11,0.7,27.13,530,9540,37,53,0.582301029
Quarter2,sweing,Tuesday,5,0.7,20.79,1297,10440,0,58,0.526810345
Quarter2,finishing,Wednesday,11,0.8,4.15,0,1980,0,7,0.934607438
Quarter2,sweing,Wednesday,7,0.8,25.9,1150,10170,70,56.5,0.900144811
Quarter2,finishing,Wednesday,1,0.8,3.94,0,1440,0,8,0.891723485
Quarter2,finishing,Wednesday,5,0.65,4.15,0,1440,0,15,0.864583333
Quarter2,finishing,Wednesday,9,0.8,3.94,0,1440,0,8,0.858143939
Quarter2,sweing,Wednesday,9,0.8,26.16,1232,10620,75,59,0.850502311
Quarter2,sweing,Wednesday,8,0.8,25.9,1218,10170,60,56.5,0.850136766
Quarter2,finishing,Wednesday,7,0.8,2.9,0,1440,0,8,0.837594697
Quarter2,finishing,Wednesday,3,0.8,4.15,0,1440,0,7,0.820833333
Quarter2,sweing,Wednesday,12,0.8,11.61,1159,2970,50,31.5,0.800313433
Quarter2,sweing,Wednesday,6,0.8,11.61,972,5670,38,31.5,0.800246753
Quarter2,sweing,Wednesday,1,0.8,26.16,1092,10620,63,59,0.800117103
Quarter2,sweing,Wednesday,5,0.7,20.79,965,7320,0,58,0.700095563
Quarter2,finishing,Wednesday,8,0.8,2.9,0,1440,0,8,0.667329545
Quarter2,sweing,Wednesday,4,0.6,22.4,816,5100,23,57,0.600369686
Quarter3,finishing,Thursday,10,0.8,3.94,0,3420,0,19,0.953110048
Quarter3,finishing,Thursday,1,0.8,3.94,0,1440,0,8,0.884261364
Quarter3,finishing,Thursday,5,0.65,4.15,0,1440,0,8,0.860653409
Quarter3,finishing,Thursday,9,0.8,3.94,0,1440,0,8,0.858143939
Quarter3,sweing,Thursday,1,0.8,26.16,1160,10620,75,59,0.850502311
Quarter3,sweing,Thursday,8,0.8,25.9,1177,8970,60,56.5,0.850415628
Quarter3,sweing,Thursday,7,0.8,25.9,1281,10170,60,56.5,0.850136766
Quarter3,sweing,Thursday,9,0.8,26.16,1369,10620,63,59,0.800117103
Quarter3,sweing,Thursday,6,0.8,11.61,1084,4950,38,31.5,0.80003139
Quarter3,sweing,Thursday,12,0.8,11.61,1216,4950,50,31.5,0.80003139
Quarter3,sweing,Thursday,5,0.7,20.79,391,10440,0,58,0.700060345
Quarter3,finishing,Thursday,7,0.8,2.9,0,1440,0,8,0.689299242
Quarter3,sweing,Thursday,4,0.65,22.52,872,10080,26,56,0.650130952
Quarter3,finishing,Thursday,8,0.8,2.9,0,1440,0,8,0.606912879
Quarter3,sweing,Thursday,10,0.6,22.52,1076,10170,23,56.5,0.600291767
Quarter3,finishing,Saturday,5,0.65,4.15,0,2700,0,15,0.98719697
Quarter3,finishing,Saturday,2,0.8,3.94,0,1800,0,10,0.980909091
Quarter3,finishing,Saturday,10,0.8,3.94,0,1440,0,8,0.974621212
Quarter3,finishing,Saturday,1,0.8,3.94,0,1440,0,8,0.884261364
Quarter3,finishing,Saturday,9,0.8,3.94,0,1800,0,10,0.82680303
Quarter3,sweing,Saturday,6,0.8,11.41,1067,5490,63,30.5,0.800343766
Quarter3,sweing,Saturday,12,0.8,11.61,1039,5670,63,31.5,0.800246753
Quarter3,sweing,Saturday,7,0.8,25.9,1396,10170,50,56.5,0.800128721
Quarter3,sweing,Saturday,8,0.8,25.9,1292,10170,50,56.5,0.800128721
Quarter3,sweing,Saturday,1,0.8,48.68,171,10620,63,59,0.800117103
Quarter3,sweing,Saturday,9,0.8,26.16,1128,10620,63,59,0.800117103
Quarter3,sweing,Saturday,2,0.6,22.94,865,6570,23,56.5,0.77011398
Quarter3,sweing,Saturday,4,0.7,22.52,825,10170,50,56.5,0.7005417
Quarter3,finishing,Saturday,8,0.8,2.9,0,1440,0,8,0.675568182
Quarter3,finishing,Saturday,7,0.8,2.9,0,1440,0,8,0.661837121
Quarter3,sweing,Saturday,10,0.65,22.52,1163,9720,35,54,0.650198653
Quarter3,sweing,Saturday,3,0.6,22.52,1140,10170,30,56.5,0.600291767
Quarter3,sweing,Saturday,11,0.6,14.89,1027,10080,38,56,0.600273268
Quarter3,finishing,Saturday,6,0.8,2.9,0,900,0,5,0.465757576
Quarter3,sweing,Saturday,5,0.7,41.19,1052,10440,21,58,0.452012539
Quarter3,finishing,Sunday,5,0.6,4.15,0,1440,0,8,0.852793561
Quarter3,finishing,Sunday,11,0.65,4.15,0,2160,0,12,0.838383838
Quarter3,finishing,Sunday,6,0.8,2.9,0,1800,0,10,0.804848485
Quarter3,sweing,Sunday,6,0.8,11.41,1140,5490,63,30.5,0.800343766
Quarter3,sweing,Sunday,7,0.8,48.84,624,10170,50,56.5,0.800128721
Quarter3,sweing,Sunday,8,0.8,25.9,1288,10170,38,56.5,0.800128721
Quarter3,sweing,Sunday,9,0.8,26.16,1381,3660,50,59,0.800015009
Quarter3,sweing,Sunday,4,0.7,22.52,882,10170,50,56.5,0.7005417
Quarter3,sweing,Sunday,10,0.7,22.52,1002,10080,40,56,0.700094156
Quarter3,finishing,Sunday,7,0.8,2.9,0,1440,0,8,0.692045455
Quarter3,sweing,Sunday,12,0.8,26.87,585,5670,56,31.5,0.662255892
Quarter3,sweing,Sunday,3,0.65,22.52,1138,10170,35,56.5,0.650416734
Quarter3,sweing,Sunday,11,0.65,14.89,1140,10260,44,57,0.650299575
Quarter3,sweing,Sunday,2,0.65,22.94,1025,10170,26,56.5,0.650243497
Quarter3,finishing,Sunday,8,0.8,2.9,0,1440,0,8,0.639867424
Quarter3,sweing,Sunday,5,0.6,20.4,1031,10440,30,58,0.600062696
Quarter3,finishing,Sunday,9,0.8,3.94,0,1800,0,10,0.582045455
Quarter3,sweing,Sunday,1,0.8,49.1,1381,10350,24,57.5,0.403242161
Quarter3,finishing,Monday,4,0.7,4.3,0,5040,0,28,0.977272727
Quarter3,finishing,Monday,9,0.8,3.94,0,1800,0,10,0.964106061
Quarter3,finishing,Monday,5,0.65,4.15,0,1440,0,8,0.958901515
Quarter3,sweing,Monday,6,0.8,11.41,1028,4380,50,31,0.800358775
Quarter3,sweing,Monday,8,0.8,25.9,1380,3630,50,56.5,0.800162602
Quarter3,sweing,Monday,9,0.8,26.16,1196,10620,63,59,0.800117103
Quarter3,finishing,Monday,12,0.8,2.9,0,1440,0,8,0.793844697
Quarter3,sweing,Monday,2,0.7,22.94,1006,10170,38,56.5,0.750517565
Quarter3,sweing,Monday,4,0.7,22.52,930,10260,63,57,0.750068049
Quarter3,sweing,Monday,3,0.7,22.52,1095,10170,50,56.5,0.750062751
Quarter3,sweing,Monday,10,0.7,22.52,938,10080,63,56,0.750057359
Quarter3,sweing,Monday,11,0.7,14.89,1484,10260,50,57,0.700170388
Quarter3,finishing,Monday,8,0.8,2.9,0,1440,0,8,0.683806818
Quarter3,sweing,Monday,5,0.65,20.4,1255,8280,35,58,0.650066445
Quarter3,sweing,Monday,7,0.8,48.84,1040,10260,30,57,0.576460393
Quarter3,finishing,Monday,10,0.7,3.94,0,1440,0,8,0.538399621
Quarter3,finishing,Monday,11,0.7,4.15,0,1440,0,8,0.409545455
Quarter3,finishing,Tuesday,5,0.7,4.15,0,1440,0,8,1.033570076
Quarter3,sweing,Tuesday,6,0.8,11.41,1047,5580,63,31,0.800261486
Quarter3,sweing,Tuesday,8,0.8,25.9,1434,10170,50,56.5,0.800128721
Quarter3,sweing,Tuesday,9,0.8,26.16,399,10620,63,59,0.800117103
Quarter3,sweing,Tuesday,4,0.7,22.52,983,10260,63,57,0.750068049
Quarter3,sweing,Tuesday,10,0.7,22.52,1108,10080,63,56,0.750057359
Quarter3,sweing,Tuesday,3,0.7,22.52,1134,8460,50,57,0.750037968
Quarter3,sweing,Tuesday,2,0.7,22.94,1363,10260,50,57,0.750031898
Quarter3,finishing,Tuesday,9,0.8,3.94,0,1800,0,10,0.72830303
Quarter3,sweing,Tuesday,11,0.7,14.89,1501,10260,50,57,0.700170388
Quarter3,sweing,Tuesday,5,0.7,20.4,1352,10260,50,57,0.700063796
Quarter3,finishing,Tuesday,8,0.8,2.9,0,1440,0,8,0.639867424
Quarter3,finishing,Tuesday,11,0.7,4.15,0,2700,0,15,0.362666667
Quarter3,finishing,Wednesday,4,0.75,4.3,0,6000,0,20,0.978525641
Quarter3,finishing,Wednesday,2,0.7,3.94,0,5100,0,17,0.912202112
Quarter3,sweing,Wednesday,4,0.75,22.52,825,10080,94,56,0.900556277
Quarter3,sweing,Wednesday,6,0.8,11.61,916,5760,75,89,0.850410511
Quarter3,finishing,Wednesday,9,0.8,3.94,0,2400,0,8,0.827147436
Quarter3,sweing,Wednesday,8,0.8,25.9,562,7470,38,56.5,0.800436542
Quarter3,sweing,Wednesday,2,0.7,22.94,1422,10500,60,57,0.800415742
Quarter3,sweing,Wednesday,10,0.7,22.52,1206,10080,75,56,0.800020563
Quarter3,finishing,Wednesday,5,0.7,4.15,0,2400,0,8,0.758173077
Quarter3,sweing,Wednesday,5,0.7,20.4,1404,10440,50,58,0.750344828
Quarter3,sweing,Wednesday,3,0.7,22.52,1139,10260,63,57,0.750068049
Quarter3,sweing,Wednesday,11,0.7,14.89,1735,10260,50,57,0.700170388
Quarter3,sweing,Wednesday,1,0.65,22.94,1595,10260,34,57,0.700029771
Quarter3,sweing,Wednesday,12,0.6,15.26,1245,6360,23,34,0.60017284
Quarter3,finishing,Wednesday,8,0.8,2.9,0,2400,0,8,0.594871795
Quarter3,sweing,Wednesday,9,0.8,54.56,757,4140,29,58,0.520237649
Quarter3,finishing,Wednesday,1,0.65,3.94,0,2400,0,8,0.505128205
Quarter3,finishing,Wednesday,11,0.7,4.15,0,2700,0,9,0.470769231
Quarter4,finishing,Thursday,7,0.6,3.94,0,6000,0,10,0.957638889
Quarter4,finishing,Thursday,10,0.75,3.94,0,8400,0,14,0.940701058
Quarter4,sweing,Thursday,4,0.75,22.52,759,10080,81,56,0.849983766
Quarter4,sweing,Thursday,2,0.7,22.94,1510,10620,60,57,0.800302791
Quarter4,sweing,Thursday,6,0.8,11.61,955,6360,63,32,0.800191989
Quarter4,sweing,Thursday,10,0.75,22.52,1328,10080,55,56,0.800020563
Quarter4,sweing,Thursday,1,0.7,22.94,1384,12180,63,57,0.750162367
Quarter4,sweing,Thursday,3,0.7,22.52,1244,10260,63,57,0.750068049
Quarter4,finishing,Thursday,5,0.7,4.15,0,9000,0,15,0.742901235
Quarter4,sweing,Thursday,5,0.7,20.4,1480,10440,40,58,0.700250784
Quarter4,sweing,Thursday,11,0.7,14.89,1863,10260,50,57,0.700170388
Quarter4,finishing,Thursday,4,0.75,4.3,0,9000,0,15,0.670216049
Quarter4,finishing,Thursday,1,0.7,3.94,0,15000,0,25,0.649662222
Quarter4,finishing,Thursday,2,0.7,3.94,0,15000,0,25,0.649662222
Quarter4,finishing,Thursday,6,0.8,2.9,0,4800,0,8,0.626822917
Quarter4,sweing,Thursday,12,0.6,15.26,1492,6960,23,34,0.600436426
Quarter4,sweing,Thursday,7,0.6,22.52,1859,10260,23,57,0.60041361
Quarter4,sweing,Thursday,8,0.8,40.99,980,10770,30,56.5,0.555500132
Quarter4,finishing,Thursday,3,0.7,3.94,0,12000,0,20,0.460578704
Quarter4,finishing,Thursday,8,0.8,2.9,0,4800,0,8,0.397743056
Quarter4,finishing,Saturday,5,0.7,4.15,0,2700,0,15,0.966666667
Quarter4,finishing,Saturday,10,0.75,3.94,0,1800,0,10,0.937242424
Quarter4,finishing,Saturday,8,0.8,2.9,0,1620,0,9,0.910521886
Quarter4,sweing,Saturday,2,0.75,22.94,1606,10260,94,57,0.90064806
Quarter4,sweing,Saturday,4,0.75,22.52,727,10260,94,57,0.900321106
Quarter4,finishing,Saturday,11,0.75,4.15,0,1800,0,10,0.896022727
Quarter4,finishing,Saturday,3,0.75,3.94,0,1440,0,8,0.895454545
Quarter4,finishing,Saturday,7,0.65,3.94,0,2160,0,12,0.870580808
Quarter4,finishing,Saturday,12,0.7,4.08,0,1620,0,9,0.858585859
Quarter4,sweing,Saturday,1,0.7,22.94,1472,10260,75,57,0.800643806
Quarter4,sweing,Saturday,10,0.75,22.52,1332,10080,69,56,0.80062987
Quarter4,sweing,Saturday,6,0.8,11.61,1009,5640,63,32,0.800537143
Quarter4,sweing,Saturday,3,0.75,22.52,1266,10260,69,57,0.80035194
Quarter4,sweing,Saturday,12,0.75,15.26,1316,6120,40,34,0.750079323
Quarter4,sweing,Saturday,11,0.75,42.97,1282,10260,56,57,0.750041201
Quarter4,sweing,Saturday,5,0.7,20.4,1382,10440,50,58,0.700250784
Quarter4,finishing,Saturday,4,0.75,4.3,0,2160,0,12,0.651515152
Quarter4,sweing,Saturday,7,0.65,22.52,1295,10170,26,56.5,0.650416734
Quarter4,sweing,Saturday,9,0.6,29.12,925,6660,23,58,0.600125217
Quarter4,finishing,Saturday,2,0.75,3.94,0,1440,0,8,0.578314394
Quarter4,finishing,Saturday,1,0.7,3.94,0,1440,0,8,0.578314394
Quarter4,finishing,Sunday,5,0.7,4.15,0,3060,0,17,0.973796791
Quarter4,finishing,Sunday,2,0.75,3.94,0,1440,0,8,0.970075758
Quarter4,finishing,Sunday,1,0.7,3.94,0,1440,0,8,0.970075758
Quarter4,finishing,Sunday,3,0.75,3.94,0,1620,0,9,0.961784512
Quarter4,finishing,Sunday,10,0.75,3.94,0,3420,0,19,0.955151515
Quarter4,finishing,Sunday,4,0.75,4.3,0,2160,0,12,0.952020202
Quarter4,sweing,Sunday,4,0.75,22.52,867,10260,94,57,0.900321106
Quarter4,sweing,Sunday,2,0.75,22.94,1636,10530,81,58.5,0.850223776
Quarter4,sweing,Sunday,1,0.7,22.94,1682,10530,75,58.5,0.800909609
Quarter4,sweing,Sunday,3,0.75,22.52,1495,10350,55,57.5,0.800513307
Quarter4,sweing,Sunday,6,0.8,11.61,1181,5760,63,32,0.800386364
Quarter4,sweing,Sunday,10,0.75,22.52,1413,10080,69,56,0.800020563
Quarter4,finishing,Sunday,7,0.65,3.94,0,2520,0,14,0.749188312
Quarter4,sweing,Sunday,7,0.7,22.52,360,10170,40,56.5,0.7005417
Quarter4,sweing,Sunday,12,0.7,15.26,1296,6120,40,34,0.70043672
Quarter4,sweing,Sunday,5,0.7,20.4,1217,10440,50,58,0.700250784
Quarter4,sweing,Sunday,9,0.65,29.12,1086,10440,26,58,0.650407524
Quarter4,finishing,Sunday,12,0.7,4.08,0,1620,0,9,0.618181818
Quarter4,sweing,Sunday,11,0.75,42.97,532,10260,40,57,0.59114168
Quarter4,finishing,Monday,3,0.75,3.94,0,1800,0,10,1.059621212
Quarter4,finishing,Monday,10,0.75,3.94,0,3780,0,21,0.997792208
Quarter4,finishing,Monday,4,0.75,4.3,0,2160,0,12,0.963699495
Quarter4,finishing,Monday,5,0.7,4.15,0,2700,0,15,0.959191919
Quarter4,finishing,Monday,2,0.75,3.94,0,1800,0,10,0.910378788
Quarter4,finishing,Monday,1,0.7,3.94,0,1800,0,10,0.910378788
Quarter4,sweing,Monday,4,0.8,22.52,1016,10170,60,56.5,0.850312684
Quarter4,sweing,Monday,6,0.8,11.61,1072,5760,50,32,0.800386364
Quarter4,sweing,Monday,3,0.75,22.52,1584,10260,69,57,0.80035194
Quarter4,sweing,Monday,2,0.75,22.94,1764,10260,55,57,0.800034024
Quarter4,sweing,Monday,1,0.7,22.94,1745,10440,60,58,0.800023511
Quarter4,sweing,Monday,10,0.75,22.52,1250,10080,55,56,0.800020563
Quarter4,finishing,Monday,12,0.7,4.08,0,1620,0,9,0.769292929
Quarter4,sweing,Monday,5,0.75,20.4,1118,10320,56,58,0.750031447
Quarter4,sweing,Monday,9,0.7,29.12,1143,10440,40,58,0.70061442
Quarter4,sweing,Monday,12,0.7,15.26,1337,6120,40,34,0.70043672
Quarter4,finishing,Monday,7,0.65,3.94,0,1440,0,8,0.646306818
Quarter4,sweing,Monday,8,0.6,15.09,1519,360,23,52,0.600143365
Quarter4,sweing,Tuesday,2,0.75,22.52,1635,6840,119,57,1.000230409
Quarter4,sweing,Tuesday,3,0.75,22.52,1299,6840,119,57,1.000230409
Quarter4,finishing,Tuesday,10,0.8,3.94,0,1440,0,12,0.979527778
Quarter4,finishing,Tuesday,4,0.8,4.3,0,1440,0,12,0.940625
Quarter4,sweing,Tuesday,10,0.8,22.52,1134,6720,70,56,0.900129762
Quarter4,finishing,Tuesday,3,0.75,3.94,0,1440,0,12,0.861875
Quarter4,sweing,Tuesday,4,0.8,22.52,1106,6780,60,56.5,0.850312684
Quarter4,finishing,Tuesday,8,0.65,3.94,0,960,0,8,0.845458333
Quarter4,finishing,Tuesday,12,0.7,4.15,0,1080,0,9,0.823555556
Quarter4,sweing,Tuesday,1,0.75,22.94,1871,6960,55,58,0.800263218
Quarter4,finishing,Tuesday,2,0.75,3.94,0,1200,0,10,0.788
Quarter4,finishing,Tuesday,1,0.75,3.94,0,1200,0,10,0.77815
Quarter4,sweing,Tuesday,9,0.7,29.12,1294,6960,50,58,0.700386207
Quarter4,sweing,Tuesday,12,0.7,15.26,1462,4080,40,34,0.700164706
Quarter4,sweing,Tuesday,8,0.65,15.09,976,240,23,52,0.650307143
Quarter4,sweing,Tuesday,6,0.8,30.4,338,3840,34,32,0.622828125
Quarter4,finishing,Tuesday,6,0.8,2.9,0,960,0,8,0.6225
Quarter4,sweing,Wednesday,2,0.8,22.52,1559,6840,90,57,1.000230409
Quarter4,sweing,Wednesday,3,0.8,22.52,1350,6840,113,57,1.000230409
Quarter4,finishing,Wednesday,1,0.75,3.94,0,1200,0,10,0.9456
Quarter4,finishing,Wednesday,2,0.8,3.94,0,1800,0,15,0.902222222
Quarter4,sweing,Wednesday,10,0.8,22.52,1175,6720,60,56,0.850532143
Quarter4,sweing,Wednesday,1,0.75,22.94,1868,6960,81,58,0.850362069
Quarter4,finishing,Wednesday,10,0.8,3.94,0,1200,0,10,0.840533333
Quarter4,sweing,Wednesday,5,0.6,20.79,1045,6960,88,58,0.800534483
Quarter4,sweing,Wednesday,4,0.8,22.52,1342,6780,50,56.5,0.800489676
Quarter4,finishing,Wednesday,12,0.75,4.08,0,1080,0,9,0.755555556
Quarter4,sweing,Wednesday,9,0.7,29.12,1340,6960,63,58,0.750593103
Quarter4,sweing,Wednesday,12,0.75,15.26,1429,3600,45,35,0.750283333
Quarter4,finishing,Wednesday,4,0.8,4.3,0,1440,0,12,0.722638889
Quarter4,finishing,Wednesday,8,0.65,4.15,0,960,0,8,0.553333333
Quarter4,sweing,Wednesday,8,0.7,38.09,336,6240,0,52,0.467693269
Quarter4,finishing,Wednesday,7,0.6,3.94,0,960,0,8,0.406354167
Quarter5,sweing,Thursday,2,0.8,22.52,1416,6840,113,57,1.000230409
Quarter5,finishing,Thursday,4,0.8,4.3,0,1200,0,10,0.989
Quarter5,sweing,Thursday,3,0.8,22.52,1287,6840,100,57,0.950185965
Quarter5,sweing,Thursday,4,0.8,22.52,1444,6900,88,57.5,0.9008
Quarter5,sweing,Thursday,10,0.8,22.52,1088,6720,88,56,0.900129762
Quarter5,finishing,Thursday,8,0.65,4.15,0,960,0,8,0.877552083
Quarter5,finishing,Thursday,11,0.6,2.9,0,960,0,8,0.864583333
Quarter5,finishing,Thursday,10,0.8,3.94,0,1200,0,10,0.85695
Quarter5,finishing,Thursday,1,0.75,3.94,0,1200,0,10,0.853666667
Quarter5,sweing,Thursday,1,0.75,22.94,1579,6960,81,58,0.850362069
Quarter5,sweing,Thursday,9,0.7,29.12,1170,6960,53,58,0.850170115
Quarter5,sweing,Thursday,5,0.65,20.79,1015,7080,81,59,0.800473729
Quarter5,finishing,Thursday,2,0.8,3.94,0,1200,0,10,0.773333333
Quarter5,sweing,Thursday,12,0.75,15.26,1436,4200,45,35,0.750646667
Quarter5,finishing,Thursday,12,0.75,4.08,0,1080,0,9,0.634666667
Quarter5,sweing,Thursday,11,0.6,20.1,1601,4320,46,51,0.60059761
Quarter5,finishing,Thursday,3,0.8,3.94,0,960,0,8,0.4925
Quarter5,sweing,Thursday,7,0.65,23.54,830,6600,0,55,0.48792
Quarter5,sweing,Saturday,3,0.8,22.52,1136,6960,113,58,1.000457471
Quarter5,sweing,Saturday,2,0.8,22.52,1397,6840,113,57,1.000230409
Quarter5,finishing,Saturday,2,0.8,3.94,0,1200,0,10,0.971866667
Quarter5,finishing,Saturday,3,0.8,3.94,0,960,0,8,0.971866667
Quarter5,finishing,Saturday,4,0.8,3.94,0,1200,0,10,0.971866667
Quarter5,finishing,Saturday,10,0.8,3.94,0,1200,0,10,0.971866667
Quarter5,finishing,Saturday,1,0.75,3.94,0,1800,0,15,0.971866667
Quarter5,finishing,Saturday,9,0.75,3.94,0,240,0,2,0.971866667
Quarter5,finishing,Saturday,12,0.75,4.08,0,1080,0,9,0.971866667
Quarter5,finishing,Saturday,5,0.7,3.94,0,240,0,2,0.971866667
Quarter5,finishing,Saturday,7,0.7,3.94,0,1200,0,10,0.971866667
Quarter5,finishing,Saturday,8,0.65,3.94,0,960,0,8,0.971866667
Quarter5,finishing,Saturday,11,0.65,3.94,0,600,0,5,0.971866667
Quarter5,finishing,Saturday,6,0.6,3.94,0,1200,0,10,0.971866667
Quarter5,sweing,Saturday,10,0.8,22.52,1116,6720,93,56,0.920236905
Quarter5,sweing,Saturday,4,0.8,22.52,1432,6660,88,57.5,0.900537069
Quarter5,sweing,Saturday,9,0.75,29.12,1082,6840,81,57,0.850610526
Quarter5,sweing,Saturday,1,0.75,22.94,1502,6960,81,58,0.850362069
Quarter5,sweing,Saturday,12,0.75,15.26,1209,4200,45,35,0.750646667
Quarter5,sweing,Saturday,5,0.7,50.89,282,5880,56,59,0.656763743
Quarter5,sweing,Saturday,11,0.65,20.1,1417,6480,49,54,0.650148148
Quarter5,sweing,Saturday,6,0.6,18.79,799,3960,23,33,0.600710606
Quarter5,sweing,Saturday,7,0.7,23.54,1109,6720,0,56,0.388830357
Quarter1,finishing,Sunday,8,0.65,4.15,0,960,0,8,1.0115625
Quarter1,sweing,Sunday,2,0.8,22.52,1396,6900,113,57.5,1.000671304
Quarter1,sweing,Sunday,1,0.8,22.94,1582,3060,113,58.5,1.000402055
Quarter1,finishing,Sunday,1,0.75,3.94,0,2280,0,19,0.950438596
Quarter1,sweing,Sunday,3,0.8,22.52,1124,6840,100,57,0.950185965
Quarter1,finishing,Sunday,2,0.8,3.94,0,1200,0,10,0.912766667
Quarter1,finishing,Sunday,7,0.7,3.94,0,2160,0,18,0.892194444
Quarter1,finishing,Sunday,10,0.8,3.94,0,1200,0,10,0.8865
Quarter1,sweing,Sunday,10,0.8,22.52,1282,6720,75,56,0.850532143
Quarter1,sweing,Sunday,4,0.8,22.52,1472,7020,60,58.5,0.85011396
Quarter1,finishing,Sunday,4,0.8,4.3,0,1440,0,12,0.845069444
Quarter1,sweing,Sunday,9,0.75,29.12,1282,6960,45,58,0.750593103
Quarter1,sweing,Sunday,12,0.75,15.26,1276,1440,45,35,0.750450658
Quarter1,finishing,Sunday,12,0.75,4.08,0,1080,0,9,0.702666667
Quarter1,sweing,Sunday,11,0.7,20.1,1192,6120,75,54,0.700508929
Quarter1,sweing,Sunday,6,0.65,18.79,881,3960,26,33,0.651007071
Quarter1,sweing,Sunday,8,0.6,24.26,1196,6600,0,55,0.466821212
Quarter1,sweing,Sunday,7,0.7,24.26,1400,6720,0,56,0.411553571
Quarter1,finishing,Monday,9,0.75,3.94,0,960,0,8,0.994270833
Quarter1,finishing,Monday,10,0.8,3.94,0,1200,0,10,0.85695
Quarter1,finishing,Monday,4,0.8,4.3,0,1440,0,12,0.809236111
Quarter1,finishing,Monday,12,0.75,4.08,0,1080,0,9,0.740444444
Quarter1,finishing,Monday,8,0.65,4.15,0,960,0,8,0.561979167
Quarter1,finishing,Monday,1,0.75,3.94,0,2280,0,19,0.504596491
Quarter1,finishing,Tuesday,2,0.8,3.94,0,2400,0,20,1.001416667
Quarter1,sweing,Tuesday,1,0.8,22.52,1500,6900,113,57.5,1.000018551
Quarter1,sweing,Tuesday,10,0.8,22.52,1188,6720,90,56,0.999995238
Quarter1,finishing,Tuesday,1,0.8,3.94,0,1200,0,10,0.99485
Quarter1,finishing,Tuesday,8,0.7,4.15,0,960,0,8,0.976979167
Quarter1,sweing,Tuesday,3,0.8,22.52,1112,6840,100,57,0.950185965
Quarter1,sweing,Tuesday,2,0.8,22.52,1452,6960,100,58,0.949981609
Quarter1,finishing,Tuesday,9,0.75,3.94,0,1320,0,11,0.919954545
Quarter1,sweing,Tuesday,4,0.8,22.52,340,5460,63,56.5,0.800434622
Quarter1,sweing,Tuesday,12,0.8,15.26,1029,2040,50,35,0.800259023
Quarter1,finishing,Tuesday,12,0.8,4.08,0,1080,0,9,0.778222222
Quarter1,sweing,Tuesday,9,0.75,29.12,1070,6960,34,58,0.750593103
Quarter1,sweing,Tuesday,11,0.7,25.31,946,5760,60,54,0.700513566
Quarter1,sweing,Tuesday,6,0.7,18.79,913,4020,30,33.5,0.700184577
Quarter1,sweing,Tuesday,8,0.7,24.26,1363,6660,0,55.5,0.586465465
Quarter1,sweing,Tuesday,7,0.7,24.26,1639,6720,0,56,0.541517857
Quarter1,finishing,Tuesday,4,0.8,4.3,0,1440,0,12,0.5375
Quarter1,finishing,Tuesday,6,0.7,2.9,0,960,0,8,0.495416667
Quarter1,sweing,Tuesday,5,0.6,30.1,415,6960,0,58,0.415172414
Quarter1,sweing,Wednesday,2,0.8,22.52,1263,6900,100,57.5,1.05028058
Quarter1,sweing,Wednesday,3,0.8,22.52,968,6840,113,57,1.000230409
Quarter1,sweing,Wednesday,10,0.8,22.52,1108,6720,113,56,0.999995238
Quarter1,finishing,Wednesday,2,0.8,3.94,0,2160,0,18,0.966759259
Quarter1,finishing,Wednesday,1,0.8,3.94,0,1200,0,10,0.929183333
Quarter1,finishing,Wednesday,8,0.7,4.15,0,3000,0,25,0.915766667
Quarter1,sweing,Wednesday,1,0.8,22.52,1532,6900,88,57.5,0.900147246
Quarter1,sweing,Wednesday,12,0.8,15.26,1094,4080,38,34,0.800401961
Quarter1,sweing,Wednesday,9,0.8,22.52,1086,6960,50,58,0.799963218
Quarter1,finishing,Wednesday,7,0.7,3.94,0,960,0,8,0.779791667
Quarter1,finishing,Wednesday,9,0.75,3.94,0,960,0,8,0.755166667
Quarter1,sweing,Wednesday,6,0.7,18.79,941,3360,30,33,0.700710417
Quarter1,sweing,Wednesday,7,0.7,24.26,1471,6960,0,58,0.700612069
Quarter1,sweing,Wednesday,11,0.7,10.05,1042,6120,60,53,0.700278846
Quarter1,sweing,Wednesday,8,0.7,29.12,1248,6840,0,57,0.700135088
Quarter1,finishing,Wednesday,12,0.8,4.08,0,1080,0,9,0.687555556
Quarter1,finishing,Wednesday,6,0.7,2.9,0,960,0,8,0.531666667
Quarter1,sweing,Thursday,2,0.8,22.52,1300,6780,113,56.5,1.000446018
Quarter1,sweing,Thursday,1,0.8,22.52,1485,6900,113,57.5,1.000018551
Quarter1,sweing,Thursday,10,0.8,22.52,1039,6720,113,56,0.999995238
Quarter1,finishing,Thursday,2,0.8,3.94,0,2640,0,22,0.999924242
Quarter1,sweing,Thursday,3,0.8,22.52,1063,6840,100,57,0.950185965
Quarter1,finishing,Thursday,6,0.7,2.9,0,960,0,8,0.9425
Quarter1,finishing,Thursday,12,0.8,4.08,0,1080,0,9,0.906666667
Quarter1,finishing,Thursday,7,0.7,3.94,0,1200,0,10,0.8471
Quarter1,finishing,Thursday,1,0.8,3.94,0,1440,0,12,0.845458333
Quarter1,sweing,Thursday,12,0.8,15.26,1083,720,38,34,0.800612676
Quarter1,sweing,Thursday,9,0.8,29.12,1069,6960,50,58,0.799963218
Quarter1,finishing,Thursday,10,0.8,3.94,0,960,0,8,0.771583333
Quarter1,sweing,Thursday,11,0.75,10.05,668,2520,34,26,0.7504
Quarter1,sweing,Thursday,6,0.7,18.79,766,2760,30,33,0.700079032
Quarter1,sweing,Thursday,5,0.7,30.1,557,6960,0,58,0.562212644
Quarter1,sweing,Thursday,8,0.7,24.26,1167,6840,0,57,0.496549708
Quarter1,finishing,Saturday,2,0.8,3.94,0,3000,0,25,1.050666667
Quarter1,sweing,Saturday,2,0.8,22.52,1186,6900,113,58,1.000018551
Quarter1,sweing,Saturday,3,0.8,22.52,1060,6840,100,57,0.950185965
Quarter1,sweing,Saturday,1,0.8,22.52,1534,6780,88,57,0.900135693
Quarter1,sweing,Saturday,10,0.8,22.52,1142,6720,88,56,0.900129762
Quarter1,finishing,Saturday,12,0.8,4.08,0,1080,0,9,0.899111111
Quarter1,finishing,Saturday,1,0.8,3.94,0,1200,0,10,0.870083333
Quarter1,finishing,Saturday,6,0.75,2.9,0,960,0,8,0.845833333
Quarter1,sweing,Saturday,12,0.8,15.26,1021,4080,63,34,0.800401961
Quarter1,sweing,Saturday,9,0.8,29.12,829,6960,50,58,0.799963218
Quarter1,finishing,Saturday,9,0.8,3.94,0,960,0,8,0.771583333
Quarter1,sweing,Saturday,6,0.75,18.79,813,1560,34,33,0.750520115
Quarter1,sweing,Saturday,11,0.75,10.05,677,3240,45,27,0.750027778
Quarter1,finishing,Saturday,7,0.7,3.94,0,1200,0,10,0.715766667
Quarter1,sweing,Saturday,5,0.7,30.1,687,7500,0,59,0.545657673
Quarter1,finishing,Saturday,4,0.8,4.3,0,960,0,8,0.447916667
Quarter2,sweing,Sunday,2,0.8,22.52,1233,6900,113,57.5,1.000018551
Quarter2,finishing,Sunday,7,0.7,4.15,0,1440,0,12,0.928680556
Quarter2,sweing,Sunday,10,0.8,22.52,1388,6720,88,56,0.9008
Quarter2,sweing,Sunday,1,0.8,22.52,1615,6780,88,56.5,0.900135693
Quarter2,sweing,Sunday,3,0.8,22.52,1283,6720,88,56,0.900129762
Quarter2,finishing,Sunday,1,0.8,3.94,0,1200,0,10,0.893066667
Quarter2,finishing,Sunday,12,0.8,4.08,0,1080,0,9,0.891555556
Quarter2,finishing,Sunday,2,0.8,3.94,0,2160,0,18,0.875555556
Quarter2,finishing,Sunday,8,0.7,4.15,0,1800,0,15,0.840888889
Quarter2,sweing,Sunday,12,0.8,15.26,1026,2880,63,34,0.800355208
Quarter2,sweing,Sunday,9,0.8,29.12,909,6960,50,58,0.799963218
Quarter2,sweing,Sunday,6,0.75,18.79,670,3960,34,33,0.75065101
Quarter2,sweing,Sunday,11,0.75,10.05,629,3240,45,27,0.750027778
Quarter2,sweing,Sunday,5,0.7,30.1,754,7020,0,58.5,0.700618234
Quarter2,finishing,Sunday,6,0.75,2.9,0,960,0,8,0.610208333
Quarter2,finishing,Sunday,9,0.8,3.94,0,960,0,8,0.607416667
Quarter2,sweing,Sunday,7,0.7,24.26,148,6960,0,58,0.355534483
Quarter2,sweing,Sunday,8,0.7,24.26,154,6840,0,57,0.353259649
Quarter2,finishing,Monday,2,0.8,3.94,0,2160,0,18,1.057962963
Quarter2,finishing,Monday,1,0.8,3.94,0,1200,0,10,0.962016667
Quarter2,sweing,Monday,10,0.8,22.52,1127,120,88,56,0.9008
Quarter2,sweing,Monday,1,0.8,22.52,1506,3600,70,57,0.900509044
Quarter2,sweing,Monday,2,0.8,22.52,1413,360,70,57,0.900477825
Quarter2,finishing,Monday,6,0.75,2.9,0,960,0,8,0.888125
Quarter2,sweing,Monday,12,0.8,15.26,970,4080,63,34,0.800401961
Quarter2,sweing,Monday,3,0.8,22.52,1271,5400,50,57,0.800161172
Quarter2,sweing,Monday,9,0.8,29.12,1073,6960,50,58,0.799963218
Quarter2,sweing,Monday,11,0.75,10.05,103,0,45,54,0.750648148
Quarter2,sweing,Monday,5,0.7,30.1,773,7020,40,58,0.700618234
Quarter2,finishing,Monday,9,0.8,3.94,0,960,0,8,0.697708333
Quarter2,sweing,Monday,6,0.75,18.79,708,4080,0,34,0.612517157
Quarter2,finishing,Tuesday,12,0.8,4.08,0,1080,0,9,1.004888889
Quarter2,finishing,Tuesday,2,0.8,3.94,0,2160,0,18,0.966759259
Quarter2,sweing,Tuesday,10,0.8,22.52,1268,0,88,56,0.90063244
Quarter2,sweing,Tuesday,1,0.8,22.52,1546,0,88,57,0.90047076
Quarter2,sweing,Tuesday,3,0.8,22.52,813,0,88,57,0.90047076
Quarter2,sweing,Tuesday,2,0.8,22.52,1512,0,88,57,0.899984058
Quarter2,finishing,Tuesday,1,0.8,3.94,0,1440,0,12,0.853666667
Quarter2,sweing,Tuesday,9,0.8,29.12,1263,2160,38,58,0.8008
Quarter2,sweing,Tuesday,12,0.8,15.26,900,4080,50,34,0.800401961
Quarter2,finishing,Tuesday,4,0.7,4.15,0,1800,0,15,0.796755556
Quarter2,sweing,Tuesday,6,0.75,18.79,640,2400,0,34,0.750797009
Quarter2,sweing,Tuesday,11,0.8,10.05,13,3240,34,54,0.750648148
Quarter2,sweing,Tuesday,5,0.75,30.1,855,7020,45,58,0.750356125
Quarter2,finishing,Tuesday,9,0.8,3.94,0,960,0,8,0.6895
Quarter2,finishing,Tuesday,6,0.75,2.9,0,960,0,8,0.628333333
Quarter2,finishing,Wednesday,4,0.7,4.15,0,1800,0,15,1.033155556
Quarter2,finishing,Wednesday,12,0.8,4.08,0,1080,0,9,1.02
Quarter2,sweing,Wednesday,2,0.8,22.52,1557,0,90,57.5,1.000344928
Quarter2,sweing,Wednesday,1,0.8,22.52,1498,0,113,57,1.000065789
Quarter2,finishing,Wednesday,2,0.8,3.94,0,2160,0,18,0.912037037
Quarter2,finishing,Wednesday,5,0.7,4.15,0,240,0,2,0.87
Quarter2,sweing,Wednesday,10,0.8,22.52,598,0,75,56,0.850364583
Quarter2,sweing,Wednesday,6,0.8,18.79,656,3480,38,34,0.800947475
Quarter2,sweing,Wednesday,12,0.8,15.26,854,4080,50,34,0.800401961
Quarter2,sweing,Wednesday,9,0.8,29.12,609,3240,50,58,0.800144144
Quarter2,sweing,Wednesday,5,0.75,30.1,788,7380,56,59.5,0.750406233
Quarter2,finishing,Wednesday,1,0.8,3.94,0,1440,0,12,0.618361111
Quarter2,finishing,Wednesday,9,0.8,3.94,0,960,0,8,0.54175
Quarter2,finishing,Thursday,4,0.7,4.15,0,1800,0,15,1.096633333
Quarter2,sweing,Thursday,2,0.8,22.52,1327,0,113,57.5,1.000344928
Quarter2,finishing,Thursday,12,0.8,4.08,0,1080,0,9,0.838666667
Quarter2,sweing,Thursday,12,0.8,15.26,894,4080,50,34,0.800401961
Quarter2,sweing,Thursday,5,0.75,30.1,610,7080,56,59,0.750799435
Quarter2,sweing,Thursday,6,0.8,18.79,779,3960,0,33,0.688017677
Quarter2,finishing,Thursday,1,0.8,3.94,0,1440,0,12,0.664875
Quarter2,finishing,Thursday,9,0.8,3.94,0,960,0,8,0.656666667
Quarter2,finishing,Thursday,2,0.8,3.94,0,2160,0,18,0.601944444
Quarter2,finishing,Thursday,5,0.7,4.15,0,240,0,2,0.58
Quarter2,sweing,Thursday,9,0.8,29.12,14,6960,0,58,0.497885057
Quarter2,sweing,Thursday,10,0.8,22.52,10,6000,0,50,0.441392
Quarter2,sweing,Saturday,1,0.8,22.52,1416,6840,113,57,1.000230409
Quarter2,finishing,Saturday,7,0.7,4.15,0,1800,0,15,0.929277778
Quarter2,finishing,Saturday,4,0.75,4.15,0,2400,0,20,0.902916667
Quarter2,finishing,Saturday,12,0.8,4.08,0,1080,0,9,0.800888889
Quarter2,sweing,Saturday,12,0.8,15.26,942,4080,63,34,0.800401961
Quarter2,sweing,Saturday,2,0.8,22.52,674,3660,63,57,0.80037492
Quarter2,finishing,Saturday,1,0.8,3.94,0,1440,0,12,0.796208333
Quarter2,sweing,Saturday,5,0.75,30.1,664,7140,56,59,0.750392157
Quarter2,finishing,Saturday,8,0.7,4.15,0,960,0,8,0.725625
Quarter2,sweing,Saturday,6,0.8,18.79,822,4080,0,34,0.557252451
Quarter2,finishing,Saturday,6,0.8,2.9,0,960,0,8,0.483333333
Quarter3,finishing,Sunday,1,0.8,3.94,0,960,0,8,1.1204375
Quarter3,finishing,Sunday,2,0.8,3.94,0,960,0,8,1.108125
Quarter3,sweing,Sunday,1,0.8,22.52,1420,6840,113,57,1.000230409
Quarter3,finishing,Sunday,12,0.8,4.08,0,1080,0,9,0.876444444
Quarter3,sweing,Sunday,12,0.8,15.26,1120,1440,50,34,0.800806306
Quarter3,finishing,Sunday,5,0.75,4.15,0,240,0,2,0.760833333
Quarter3,sweing,Sunday,5,0.8,30.1,679,7140,0,59.5,0.722568627
Quarter3,finishing,Sunday,11,0.6,2.9,0,1200,0,10,0.715333333
Quarter3,sweing,Sunday,6,0.75,18.79,814,4080,0,34,0.681598039
Quarter3,finishing,Sunday,8,0.7,4.15,0,960,0,8,0.605208333
Quarter3,finishing,Sunday,6,0.8,2.9,0,960,0,8,0.604166667
Quarter3,sweing,Sunday,2,0.8,22.52,12,6900,0,57.5,0.432122899
Quarter3,sweing,Monday,1,0.8,22.52,1422,6840,113,57,1.000230409
Quarter3,finishing,Monday,9,0.8,3.94,0,1200,0,10,0.960433333
Quarter3,finishing,Monday,12,0.8,4.08,0,1080,0,9,0.891555556
Quarter3,sweing,Monday,5,0.8,30.1,461,0,0,59,0.800980392
Quarter3,sweing,Monday,12,0.8,15.26,1079,3720,38,34,0.800312375
Quarter3,finishing,Monday,6,0.8,2.9,0,960,0,8,0.773333333
Quarter3,sweing,Monday,6,0.75,18.79,895,3960,0,33,0.75065101
Quarter3,finishing,Monday,4,0.75,4.15,0,1800,0,15,0.722333333
Quarter3,finishing,Monday,5,0.75,4.15,0,1200,0,10,0.629416667
Quarter3,sweing,Tuesday,1,0.8,22.52,1445,6840,113,57,1.000230409
Quarter3,finishing,Tuesday,10,0.8,3.94,0,960,0,8,0.927541667
Quarter3,finishing,Tuesday,7,0.7,5.13,0,1200,0,10,0.91375
Quarter3,finishing,Tuesday,12,0.8,5.13,0,1080,0,9,0.9025
Quarter3,sweing,Tuesday,12,0.8,15.26,1133,4080,38,34,0.800401961
Quarter3,sweing,Tuesday,6,0.75,18.79,726,3360,0,33,0.750621354
Quarter3,finishing,Tuesday,6,0.8,2.9,0,960,0,8,0.749166667
Quarter3,finishing,Tuesday,4,0.75,5.13,0,960,0,8,0.656666667
Quarter3,sweing,Tuesday,5,0.8,30.1,680,7140,0,59,0.653431373
Quarter3,finishing,Tuesday,9,0.8,3.94,0,960,0,8,0.586041667
Quarter3,finishing,Tuesday,2,0.8,5.13,0,1800,0,15,0.5814
Quarter3,finishing,Wednesday,12,0.8,5.13,0,1200,0,10,0.9918
Quarter3,finishing,Wednesday,6,0.8,2.9,0,1440,0,12,0.936861111
Quarter3,finishing,Wednesday,2,0.8,5.13,0,1440,0,12,0.919125
Quarter3,sweing,Wednesday,5,0.8,30.1,511,0,0,59,0.800980392
Quarter3,sweing,Wednesday,12,0.8,15.26,1095,4080,63,34,0.800401961
Quarter3,sweing,Wednesday,1,0.8,22.52,1374,3960,63,57,0.800279693
Quarter3,sweing,Wednesday,6,0.75,18.79,759,3960,34,33,0.75065101
Quarter3,finishing,Wednesday,4,0.75,5.13,0,960,0,8,0.734645833
Quarter3,finishing,Wednesday,7,0.7,5.13,0,960,0,8,0.671875
Quarter3,finishing,Wednesday,10,0.8,3.94,0,960,0,8,0.64025
Quarter3,finishing,Wednesday,8,0.7,5.13,0,960,0,8,0.58
Quarter3,finishing,Wednesday,9,0.8,3.94,0,960,0,8,0.549791667
Quarter3,sweing,Thursday,12,0.8,15.26,1126,1080,38,34,0.800711494
Quarter3,sweing,Thursday,1,0.8,22.52,265,3840,63,57,0.800470513
Quarter3,finishing,Thursday,6,0.8,2.9,0,4320,0,18,0.785864198
Quarter3,sweing,Thursday,6,0.75,18.79,899,3960,56,33,0.75065101
Quarter3,finishing,Thursday,10,0.8,3.94,0,2400,0,10,0.733277778
Quarter3,finishing,Thursday,2,0.8,5.13,0,3600,0,15,0.710125
Quarter3,finishing,Thursday,4,0.75,5.13,0,1920,0,8,0.684027778
Quarter3,finishing,Thursday,8,0.7,5.13,0,1920,0,8,0.672135417
Quarter3,finishing,Thursday,5,0.75,5.13,0,1920,0,8,0.631354167
Quarter3,finishing,Thursday,12,0.8,5.13,0,2160,0,9,0.609583333
Quarter4,finishing,Sunday,6,0.8,2.9,0,960,0,8,0.8319375
Quarter4,finishing,Sunday,2,0.8,5.13,0,4800,0,20,0.8300625
Quarter4,finishing,Sunday,11,0.6,2.9,0,2880,0,12,0.805555556
Quarter4,sweing,Sunday,12,0.8,15.26,1103,4080,63,34,0.800401961
Quarter4,finishing,Sunday,12,0.8,5.13,0,2400,0,10,0.78375
Quarter4,finishing,Sunday,9,0.8,3.94,0,2400,0,10,0.753525
Quarter4,sweing,Sunday,6,0.75,18.79,1055,3960,45,33,0.75065101
Quarter4,finishing,Sunday,1,0.8,3.94,0,2880,0,12,0.727349537
Quarter4,finishing,Sunday,10,0.8,3.94,0,960,0,8,0.385791667
Quarter4,finishing,Monday,10,0.8,3.94,0,2400,0,20,0.955791667
Quarter4,finishing,Monday,8,0.7,5.13,0,960,0,8,0.930416667
Quarter4,finishing,Monday,12,0.8,5.13,0,1080,0,9,0.9025
Quarter4,finishing,Monday,3,0.8,5.13,0,2160,0,18,0.87115
Quarter4,sweing,Monday,12,0.8,15.26,1060,4080,63,34,0.800401961
Quarter4,sweing,Monday,5,0.8,30.1,541,7140,38,59,0.800137255
Quarter4,sweing,Monday,6,0.75,18.79,1100,3960,45,33,0.75065101
Quarter4,finishing,Monday,6,0.8,2.9,0,960,0,8,0.3715625
Quarter4,finishing,Monday,9,0.8,2.9,0,960,0,8,0.3715625
Quarter4,finishing,Monday,2,0.8,5.13,0,960,0,8,0.36871875
Quarter4,finishing,Monday,7,0.7,5.13,0,960,0,8,0.356458333
Quarter4,finishing,Tuesday,10,0.7,2.9,0,1800,0,15,0.902222222
Quarter4,finishing,Tuesday,3,0.8,4.6,0,1440,0,12,0.811388889
Quarter4,sweing,Tuesday,12,0.8,15.26,1062,4080,50,34,0.800401961
Quarter4,sweing,Tuesday,5,0.8,30.1,450,7140,50,60,0.800137255
Quarter4,finishing,Tuesday,8,0.7,4.6,0,960,0,8,0.791458333
Quarter4,sweing,Tuesday,6,0.75,18.79,913,3360,45,33,0.75065101
Quarter4,finishing,Tuesday,6,0.75,2.9,0,1800,0,15,0.726933333
Quarter4,finishing,Tuesday,9,0.7,2.9,0,1800,0,15,0.726933333
Quarter4,finishing,Tuesday,11,0.7,2.9,0,960,0,8,0.5046875
Quarter4,finishing,Wednesday,5,0.8,4.6,0,1080,0,9,0.902962963
Quarter4,finishing,Wednesday,3,0.8,4.6,0,2400,0,20,0.900833333
Quarter4,finishing,Wednesday,12,0.8,4.6,0,1800,0,15,0.899555556
Quarter4,finishing,Wednesday,10,0.7,2.9,0,1200,0,10,0.845833333
Quarter4,sweing,Wednesday,12,0.8,15.26,1053,4080,50,34,0.800401961
Quarter4,sweing,Wednesday,11,0.75,11.61,635,3360,45,57,0.750503571
Quarter4,finishing,Wednesday,7,0.75,4.6,0,960,0,8,0.676666667
Quarter4,finishing,Wednesday,8,0.7,4.6,0,960,0,8,0.658541667
Quarter4,finishing,Wednesday,2,0.7,3.9,0,960,0,8,0.440375
Quarter4,finishing,Wednesday,6,0.75,2.9,0,960,0,8,0.410833333
Quarter4,finishing,Wednesday,9,0.7,2.9,0,960,0,8,0.410833333
Quarter4,finishing,Thursday,3,0.8,4.6,0,6300,0,15,0.921703704
Quarter4,finishing,Thursday,5,0.8,4.6,0,7560,0,18,0.921604938
Quarter4,sweing,Thursday,12,0.8,15.26,1065,4080,63,34,0.800401961
Quarter4,sweing,Thursday,6,0.75,18.79,912,3960,45,33,0.75065101
Quarter4,finishing,Thursday,12,0.8,4.6,0,3780,0,9,0.590617284
Quarter4,finishing,Thursday,2,0.7,3.9,0,960,0,8,0.5565625
Quarter4,finishing,Thursday,10,0.7,2.9,0,3360,0,8,0.410833333
Quarter4,finishing,Thursday,9,0.75,2.9,0,960,0,8,0.4078125
Quarter4,finishing,Thursday,8,0.75,4.6,0,3360,0,8,0.376597222
Quarter4,finishing,Saturday,3,0.8,4.6,0,6300,0,15,0.921703704
Quarter4,finishing,Saturday,5,0.8,4.6,0,7560,0,18,0.921604938
Quarter4,sweing,Saturday,12,0.8,15.26,1194,1700,62,34,0.800260821
Quarter4,sweing,Saturday,6,0.75,18.79,1012,3960,45,33,0.75065101
Quarter4,finishing,Saturday,12,0.8,4.6,0,3780,0,9,0.590617284
Quarter4,finishing,Saturday,2,0.7,3.9,0,960,0,8,0.5565625
Quarter4,finishing,Saturday,10,0.7,2.9,0,3360,0,8,0.410833333
Quarter4,finishing,Saturday,9,0.75,2.9,0,960,0,8,0.4078125
Quarter4,finishing,Saturday,8,0.75,4.6,0,3360,0,8,0.376597222
Quarter1,finishing,Sunday,3,0.8,4.6,0,10500,0,25,0.936355556
Quarter1,finishing,Sunday,8,0.75,4.6,0,3360,0,8,0.813611111
Quarter1,sweing,Sunday,12,0.8,15.26,1106,4080,63,34,0.800401961
Quarter1,sweing,Sunday,8,0.75,29.4,622,6240,56,57,0.75075
Quarter1,sweing,Sunday,6,0.75,18.79,1193,3960,45,33,0.75065101
Quarter1,sweing,Sunday,3,0.75,29.4,1143,6840,45,57,0.750473684
Quarter1,sweing,Sunday,9,0.75,18.79,895,6240,34,52,0.750395513
Quarter1,sweing,Sunday,5,0.6,27.48,549,6720,38,56,0.707446429
Quarter1,sweing,Sunday,10,0.7,21.82,1393,5640,30,52,0.700236601
Quarter1,sweing,Sunday,1,0.6,26.66,1578,6840,38,57,0.700019883
Quarter1,sweing,Sunday,2,0.7,30.33,254,1800,0,58,0.683550607
Quarter1,finishing,Sunday,4,0.6,3.94,0,960,0,8,0.673083333
Quarter1,finishing,Sunday,10,0.7,2.9,0,3360,0,8,0.664583333
Quarter1,sweing,Sunday,4,0.6,26.66,692,6840,23,57,0.600239766
Quarter1,finishing,Sunday,2,0.7,3.9,0,960,0,8,0.585
Quarter1,finishing,Sunday,1,0.6,3.94,0,3360,0,8,0.448722222
Quarter1,finishing,Sunday,9,0.75,2.9,0,960,0,8,0.447083333
Quarter1,finishing,Sunday,7,0.8,4.6,0,3360,0,8,0.350416667
Quarter1,finishing,Monday,2,0.7,3.9,0,1200,0,10,0.92885
Quarter1,finishing,Monday,3,0.8,4.6,0,10080,0,24,0.86037037
Quarter1,finishing,Monday,4,0.65,3.94,0,960,0,8,0.806879167
Quarter1,sweing,Monday,1,0.65,26.66,1527,6840,65,57,0.800579532
Quarter1,sweing,Monday,12,0.8,15.26,1035,4080,63,34,0.800401961
Quarter1,finishing,Monday,9,0.75,2.9,0,1200,0,10,0.8004
Quarter1,sweing,Monday,11,0.8,11.61,632,0,50,57,0.800309211
Quarter1,sweing,Monday,3,0.8,29.4,1231,4680,50,57,0.800149813
Quarter1,sweing,Monday,7,0.8,30.1,616,7080,0,59,0.800115819
Quarter1,finishing,Monday,8,0.75,4.6,0,3360,0,8,0.773333333
Quarter1,sweing,Monday,6,0.75,18.79,947,2880,34,33,0.750797009
Quarter1,sweing,Monday,8,0.75,29.4,551,6840,45,57,0.750473684
Quarter1,sweing,Monday,9,0.75,18.79,935,6240,45,52,0.750395513
Quarter1,sweing,Monday,4,0.65,26.66,832,6780,55,57,0.750254867
Quarter1,sweing,Monday,5,0.65,27.48,544,6720,34,56,0.700903571
Quarter1,sweing,Monday,10,0.7,21.82,1511,3600,30,51,0.70013604
Quarter1,finishing,Monday,10,0.7,2.9,0,3360,0,8,0.632361111
Quarter1,finishing,Monday,12,0.8,4.6,0,3780,0,9,0.607654321
Quarter1,finishing,Monday,1,0.65,3.94,0,3360,0,8,0.537919444
Quarter1,finishing,Tuesday,7,0.8,4.6,0,4200,0,10,0.999533333
Quarter1,finishing,Tuesday,3,0.8,4.6,0,6300,0,15,0.902962963
Quarter1,sweing,Tuesday,11,0.8,11.41,601,0,50,56,0.800701754
Quarter1,sweing,Tuesday,1,0.7,26.66,1562,6960,60,58,0.800566092
Quarter1,sweing,Tuesday,12,0.8,15.26,983,4080,50,34,0.800401961
Quarter1,sweing,Tuesday,3,0.8,29.4,1156,6840,50,57,0.800333333
Quarter1,sweing,Tuesday,7,0.8,30.1,29,7080,50,59,0.800115819
Quarter1,sweing,Tuesday,4,0.7,26.66,950,6960,50,58,0.750770115
Quarter1,sweing,Tuesday,8,0.75,29.4,534,6840,56,57,0.750473684
Quarter1,sweing,Tuesday,9,0.75,18.79,1096,6240,34,52,0.750395513
Quarter1,sweing,Tuesday,6,0.75,20.2,402,3120,45,33,0.750212553
Quarter1,finishing,Tuesday,8,0.75,4.6,0,3360,0,8,0.702777778
Quarter1,sweing,Tuesday,5,0.7,27.48,573,6840,30,57,0.700659649
Quarter1,sweing,Tuesday,10,0.7,21.82,1313,5040,30,51,0.699984417
Quarter1,finishing,Tuesday,12,0.8,4.6,0,3780,0,9,0.636049383
Quarter1,finishing,Tuesday,1,0.7,3.94,0,3360,0,8,0.555430556
Quarter1,finishing,Tuesday,4,0.7,3.94,0,3360,0,8,0.555430556
Quarter1,finishing,Tuesday,10,0.7,2.9,0,3360,0,8,0.463194444
Quarter1,finishing,Tuesday,5,0.7,4.6,0,3360,0,8,0.354444444
Quarter1,finishing,Wednesday,3,0.8,4.6,0,1200,0,10,0.939166667
Quarter1,finishing,Wednesday,8,0.8,4.6,0,960,0,8,0.930416667
Quarter1,finishing,Wednesday,12,0.8,4.6,0,1080,0,9,0.885925926
Quarter1,finishing,Wednesday,9,0.75,2.9,0,960,0,8,0.83375
Quarter1,finishing,Wednesday,1,0.7,3.94,0,960,0,8,0.806879167
Quarter1,finishing,Wednesday,4,0.7,3.94,0,960,0,8,0.806058333
Quarter1,sweing,Wednesday,11,0.8,11.41,433,0,38,56,0.800701754
Quarter1,sweing,Wednesday,12,0.8,15.26,961,4080,50,34,0.800401961
Quarter1,sweing,Wednesday,3,0.8,29.4,1169,6840,63,57,0.800333333
Quarter1,sweing,Wednesday,7,0.8,30.1,874,3960,50,59,0.800055762
Quarter1,sweing,Wednesday,4,0.7,26.82,1028,6960,60,58,0.799975862
Quarter1,sweing,Wednesday,1,0.7,26.82,1772,6960,50,58,0.750651724
Quarter1,sweing,Wednesday,9,0.75,18.79,1206,6240,34,52,0.750395513
Quarter1,sweing,Wednesday,5,0.7,27.48,586,6960,40,58,0.700424138
Quarter1,sweing,Wednesday,10,0.7,21.82,1334,5760,30,53,0.700058333
Quarter1,finishing,Wednesday,7,0.8,4.6,0,8400,0,20,0.684888889
Quarter1,finishing,Wednesday,5,0.7,4.6,0,960,0,8,0.592083333
Quarter1,sweing,Wednesday,8,0.8,29.4,30,6840,0,57,0.433263158
Quarter1,finishing,Thursday,8,0.8,4.6,0,2640,0,22,0.980984848
Quarter1,finishing,Thursday,2,0.6,3.9,0,960,0,8,0.950625
Quarter1,finishing,Thursday,11,0.8,2.9,0,1200,0,10,0.927291667
Quarter1,finishing,Thursday,12,0.8,4.6,0,1080,0,9,0.868888889
Quarter1,finishing,Thursday,1,0.7,3.94,0,960,0,8,0.812625
Quarter1,finishing,Thursday,4,0.7,3.94,0,960,0,8,0.812625
Quarter1,finishing,Thursday,3,0.8,4.6,0,1800,0,15,0.810111111
Quarter1,sweing,Thursday,11,0.8,11.41,455,3420,50,56,0.800701754
Quarter1,sweing,Thursday,3,0.8,29.4,797,1800,63,57,0.800534979
Quarter1,sweing,Thursday,12,0.8,15.26,959,4080,50,34,0.800401961
Quarter1,sweing,Thursday,1,0.7,26.82,1373,6960,50,58,0.750651724
Quarter1,sweing,Thursday,9,0.75,18.79,1228,6240,45,52,0.750395513
Quarter1,sweing,Thursday,4,0.7,26.82,1117,7080,50,59,0.750050847
Quarter1,sweing,Thursday,5,0.7,27.48,230,6960,40,58,0.700424138
Quarter1,sweing,Thursday,10,0.7,21.82,1390,6000,30,50,0.700422
Quarter1,finishing,Thursday,9,0.75,2.9,0,960,0,8,0.453125
Quarter1,finishing,Saturday,12,0.8,4.6,0,1080,0,9,0.868888889
Quarter1,sweing,Saturday,12,0.8,15.26,986,4080,75,34,0.850520588
Quarter1,sweing,Saturday,1,0.7,26.82,1267,8160,70,58,0.850045
Quarter1,finishing,Saturday,7,0.8,4.6,0,6000,0,25,0.825444444
Quarter1,sweing,Saturday,4,0.7,26.82,1195,6960,60,58,0.800746552
Quarter1,sweing,Saturday,11,0.8,11.41,471,3420,50,58,0.800034503
Quarter1,sweing,Saturday,9,0.75,18.79,1226,3480,45,51,0.749987124
Quarter1,sweing,Saturday,10,0.7,21.82,1251,6000,30,50,0.700422
Quarter1,finishing,Saturday,1,0.7,3.94,0,960,0,8,0.664875
Quarter1,finishing,Saturday,4,0.7,3.94,0,960,0,8,0.664875
Quarter1,finishing,Saturday,11,0.8,2.9,0,960,0,8,0.657083333
Quarter1,finishing,Saturday,8,0.8,4.6,0,3600,0,15,0.590740741
Quarter1,finishing,Saturday,2,0.65,3.9,0,1920,0,8,0.528125
Quarter2,finishing,Sunday,3,0.8,4.6,0,1440,0,12,0.951944444
Quarter2,finishing,Sunday,12,0.8,4.6,0,1080,0,9,0.945555556
Quarter2,finishing,Sunday,9,0.75,2.9,0,1080,0,9,0.929074074
Quarter2,finishing,Sunday,1,0.75,3.94,0,960,0,8,0.890604167
Quarter2,finishing,Sunday,4,0.75,3.94,0,960,0,8,0.890604167
Quarter2,finishing,Sunday,2,0.7,3.9,0,1200,0,10,0.884
Quarter2,sweing,Sunday,4,0.75,26.82,1082,6840,65,57,0.850084211
Quarter2,sweing,Sunday,1,0.75,26.82,1254,6960,65,58,0.85007069
Quarter2,sweing,Sunday,12,0.8,15.26,1064,4080,63,34,0.800401961
Quarter2,sweing,Sunday,11,0.8,11.41,313,3420,50,58,0.800034503
Quarter2,finishing,Sunday,11,0.8,2.9,0,960,0,8,0.755208333
Quarter2,sweing,Sunday,9,0.75,18.79,1239,5640,45,52,0.750371895
Quarter2,sweing,Sunday,10,0.7,21.82,1335,6000,30,50,0.700422
Quarter2,finishing,Sunday,8,0.6,3.9,0,960,0,8,0.4509375
Quarter2,finishing,Sunday,10,0.7,2.9,0,960,0,8,0.441041667
Quarter2,sweing,Monday,4,0.75,26.82,1079,7020,65,58,0.850446154
Quarter2,sweing,Monday,1,0.75,26.82,1322,7140,65,59,0.850426891
Quarter2,sweing,Monday,12,0.8,15.26,1132,4080,63,34,0.800401961
Quarter2,sweing,Monday,11,0.8,11.41,357,3420,50,58,0.800034503
Quarter2,sweing,Monday,9,0.75,18.79,1193,6240,45,52,0.750395513
Quarter2,sweing,Monday,10,0.7,21.82,1576,6000,30,50,0.700422
Quarter2,finishing,Tuesday,12,0.8,4.6,0,1080,0,9,0.92
Quarter2,finishing,Tuesday,5,0.6,3.94,0,1440,0,12,0.909391667
Quarter2,sweing,Tuesday,1,0.75,26.82,1574,7080,75,59,0.900061017
Quarter2,finishing,Tuesday,3,0.8,4.6,0,1440,0,12,0.894444444
Quarter2,finishing,Tuesday,4,0.75,3.94,0,960,0,8,0.881575
Quarter2,finishing,Tuesday,1,0.75,3.94,0,960,0,8,0.880754167
Quarter2,sweing,Tuesday,4,0.75,26.82,1104,5880,65,59,0.850084211
Quarter2,finishing,Tuesday,9,0.75,2.9,0,1800,0,15,0.821666667
Quarter2,sweing,Tuesday,12,0.8,15.26,1069,4080,63,34,0.800401961
Quarter2,sweing,Tuesday,11,0.8,11.41,338,3420,50,58,0.800034503
Quarter2,finishing,Tuesday,11,0.8,2.9,0,960,0,8,0.758229167
Quarter2,sweing,Tuesday,10,0.75,21.82,1499,6000,34,50,0.750608
Quarter2,sweing,Tuesday,9,0.75,18.79,1247,6240,45,52,0.750395513
Quarter2,finishing,Tuesday,2,0.7,3.9,0,960,0,8,0.741
Quarter2,finishing,Tuesday,8,0.65,3.9,0,960,0,8,0.560625
Quarter2,finishing,Tuesday,10,0.7,2.9,0,960,0,8,0.39875
Quarter2,finishing,Wednesday,12,0.8,4.6,0,2160,0,9,0.922839506
Quarter2,finishing,Wednesday,11,0.8,2.9,0,2400,0,10,0.874027778
Quarter2,finishing,Wednesday,2,0.75,3.9,0,1920,0,8,0.819270833
Quarter2,finishing,Wednesday,4,0.75,3.94,0,1920,0,8,0.813309028
Quarter2,finishing,Wednesday,1,0.75,3.94,0,1920,0,8,0.812625
Quarter2,sweing,Wednesday,12,0.8,15.26,470,4080,63,34,0.800401961
Quarter2,sweing,Wednesday,11,0.8,11.41,560,3420,50,58,0.800034503
Quarter2,finishing,Wednesday,3,0.8,4.6,0,1920,0,8,0.786631944
Quarter2,finishing,Wednesday,5,0.7,3.94,0,1440,0,12,0.75885
Quarter2,sweing,Wednesday,10,0.75,21.82,1674,6000,34,50,0.750608
Quarter2,sweing,Wednesday,9,0.75,18.79,290,5040,45,52,0.750347333
Quarter2,sweing,Wednesday,1,0.75,26.82,1322,7080,45,59,0.750050847
Quarter2,sweing,Wednesday,4,0.75,26.82,1054,7080,45,59,0.750050847
Quarter2,finishing,Wednesday,10,0.75,2.9,0,960,0,8,0.628333333
Quarter2,finishing,Wednesday,8,0.7,3.9,0,960,0,8,0.625625
Quarter2,finishing,Wednesday,7,0.65,3.9,0,960,0,8,0.625625
Quarter2,finishing,Wednesday,9,0.75,2.9,0,1800,0,15,0.505888889
Quarter2,finishing,Wednesday,6,0.7,2.9,0,720,0,6,0.394722222
